id,name,managerId,title
1,Katherin,78,Asistant
2,Lynsie,14,Vendor
3,Antwaun,87,Director
4,Taylore,135,Janitor
5,Krissie,106,Asistant
6,Zvi,67,Vendor
7,Sharquita,139,Janitor
8,Royce,119,Party person
9,Conner,7,Manager
10,Cordale,128,Salesperson
11,Alita,84,Asistant
12,Jeremey,56,Vendor
13,Carolynn,111,Director
14,English,50,Asistant
15,Rhapsody,16,Friend
16,Allysa,1,Secratary
17,Breeana,83,Asistant
18,Sateria,95,Manager
19,Zia,89,Vendor
20,Marieta,113,Asistant
21,Brionna,46,Secratary
22,Cynda,141,Secratary
23,Stephan,6,Secratary
24,Sharissa,110,Director
25,Jahaziel,73,Manager
26,Toniann,55,Director
27,Abrianna,60,Manager
28,Shelisa,30,Vendor
29,Sarina,13,Asistant
30,Dustn,130,Janitor
31,Piers,91,Janitor
32,Niema,26,Asistant
33,Paisley,139,Salesperson
34,Nivea,121,Asistant
35,Xaviera,138,Salesperson
36,Olawale,14,Party person
37,Arion,101,Vendor
38,Shavana,109,Asistant
39,Starlett,90,Manager
40,Sindi,2,Friend
41,Deona,97,Salesperson
42,Aubry,37,Janitor
43,Naima,64,Janitor
44,Ignasio,113,Janitor
45,Mona,19,Friend
46,Reginald,26,Manager
47,Aleksander,102,Secratary
48,Heraclio,6,Director
49,Chason,23,Manager
50,Lysander,108,Manager
51,Tavon,48,Party person
52,Roel,138,Director
53,Essence,29,Janitor
54,Tommy,0,Salesperson
55,Keionna,85,Janitor
56,Amye,79,Vendor
57,Wei,79,Director
58,Gianpaolo,21,Director
59,Hayes,82,Vendor
60,Jillianne,62,Director
61,Jamille,140,Friend
62,Shital,114,Director
63,Taylor,90,Salesperson
64,Hykeem,112,Secratary
65,Mara,116,Director
66,Kessa,134,Director
67,Rosy,133,Friend
68,Chelle,80,Director
69,Donavon,25,Director
70,Lacrisha,89,Janitor
71,Kenitra,96,Manager
72,Cornelius,15,Asistant
73,Hamza,121,Asistant
74,Tamela,11,Party person
75,Caryl,133,Salesperson
76,Myeshia,134,Secratary
77,Isabell,67,Friend
78,Kenyotta,14,Friend
79,Era,95,Salesperson
80,Chauncey,102,Party person
81,Luisana,33,Director
82,Magnum,39,Director
83,Hyacinth,32,Party person
84,Tanita,67,Director
85,Christina,19,Friend
86,Vanessia,106,Secratary
87,Cameron,0,Party person
88,Zinnia,23,Salesperson
89,Yee,48,Manager
90,Janique,104,Vendor
91,Sheresa,16,Vendor
92,Prudence,9,Secratary
93,Leha,111,Party person
94,Osualdo,54,Party person
95,Shamaka,41,Secratary
96,Jacobie,115,Manager
97,Shamaine,43,Friend
98,Chrystal,59,Vendor
99,Jackqueline,123,Secratary
100,Harrell,90,Asistant
101,Melissa,130,Secratary
102,Chester,33,Party person
103,Caprisha,89,Party person
104,Tallie,72,Friend
105,Charquita,111,Secratary
106,Licia,109,Secratary
107,Marquise,41,Director
108,Godofredo,132,Manager
109,Karis,126,Secratary
110,Nichel,139,Party person
111,Clancy,108,Asistant
112,Braylon,71,Asistant
113,Zacharey,80,Secratary
114,Krysten,119,Party person
115,Tonesha,35,Asistant
116,Melisa,109,Asistant
117,Kostas,52,Janitor
118,Hieu,69,Vendor
119,Tyria,124,Asistant
120,Nichelle,106,Asistant
121,Kailey,55,Party person
122,Salena,139,Friend
123,Chelci,60,Vendor
124,Shaelynn,0,Janitor
125,Linnie,32,Party person
126,Melaney,31,Asistant
127,Barri,123,Director
128,Jarelle,123,Secratary
129,Aneesa,60,Salesperson
130,Sunday,54,Friend
131,Ryanlee,31,Asistant
132,Latyra,105,Manager
133,Tali,70,Salesperson
134,Shania,35,Asistant
135,Christophere,24,Vendor
136,Tekisha,50,Vendor
137,Chika,128,Party person
138,Timia,71,Janitor
139,Daric,112,Salesperson
140,Katy,75,Party person
141,Joslynn,120,Director
142,Nedra,119,Salesperson
143,Chi,100,Party person
144,Christe,12,Secratary
145,Dilan,9,Secratary
146,Alika,40,Party person
147,Karra,41,Salesperson
148,Omar,66,Party person
149,Rashaun,7,Director
150,Vishnu,38,Salesperson
151,Terron,96,Director
152,Elysia,94,Party person
153,Gerry,73,Secratary
154,Holley,137,Salesperson
155,Pilar,49,Vendor
156,Raja,3,Party person
157,Pepper,105,Manager
158,Scott,81,Asistant
159,Adel,67,Asistant
160,Shameika,112,Friend
161,Mikeala,46,Secratary
162,Magali,70,Vendor
163,Silvana,26,Janitor
164,Arlinda,93,Salesperson
165,Sanita,81,Director
166,Bedford,35,Vendor
167,Breton,127,Party person
168,Constantinos,140,Salesperson
169,Quanita,45,Director
170,Jawana,48,Vendor
171,Kenta,136,Secratary
172,Shital,12,Manager
173,Lars,123,Director
174,Aquanetta,56,Director
175,Yoshio,112,Salesperson
176,Teague,139,Salesperson
177,Crystalmarie,90,Janitor
178,Olegario,12,Director
179,Akita,114,Asistant
180,Raeshawn,116,Asistant
181,Lucie,23,Salesperson
182,Rodrecus,32,Secratary
183,Mason,120,Friend
184,Rama,42,Friend
185,Cidney,62,Party person
186,Karlee,87,Party person
187,Shadia,90,Director
188,Taniesha,80,Salesperson
189,Lennie,102,Secratary
190,Charlene,88,Janitor
191,Vianey,58,Asistant
192,Ayn,96,Party person
193,Chaun,127,Vendor
194,Aarn,136,Director
195,Dallin,134,Party person
196,Synthia,7,Salesperson
197,Nirvana,98,Asistant
198,Danylle,141,Vendor
199,Suong,107,Janitor
200,Sanya,43,Salesperson
201,Jonahtan,19,Director
202,Aracelia,79,Janitor
203,Audrie,125,Party person
204,Chalon,41,Secratary
205,Amandajo,45,Asistant
206,Aleksandr,43,Asistant
207,Tallon,111,Janitor
208,Caley,122,Janitor
209,Mendi,54,Party person
210,Laguan,101,Secratary
211,Heidi,6,Friend
212,Tenell,51,Janitor
213,Jenevieve,32,Director
214,Valerie,102,Asistant
215,Nadiyah,129,Manager
216,Jeffory,35,Friend
217,Markel,45,Vendor
218,Rena,25,Friend
219,Nyesha,136,Party person
220,Willena,127,Secratary
221,Chadwick,36,Party person
222,Rodman,101,Friend
223,Maricel,120,Asistant
224,Elizabeht,49,Party person
225,Marketia,65,Party person
226,Gage,5,Janitor
227,Geovanny,70,Manager
228,Tamilia,23,Secratary
229,Tameika,57,Asistant
230,Jaycie,129,Vendor
231,Jennine,19,Party person
232,Geovanna,128,Janitor
233,Rosa,127,Asistant
234,Natavia,116,Director
235,Stacie,53,Salesperson
236,Milagros,70,Party person
237,Peggi,98,Manager
238,Rashad,128,Secratary
239,Shaw,112,Friend
240,Terryl,134,Asistant
241,Puja,124,Secratary
242,Daveon,134,Secratary
243,Christorpher,139,Friend
244,Jamario,84,Secratary
245,Rayn,126,Salesperson
246,Antoino,3,Party person
247,Lynnette,46,Secratary
248,Bethani,54,Janitor
249,Sable,87,Janitor
250,Hazel,129,Party person
251,Mareo,111,Friend
252,Flor,53,Director
253,Laqueisha,135,Salesperson
254,Peri,59,Manager
255,Kelin,50,Director
256,Rejeana,88,Salesperson
257,Jessice,81,Director
258,Jesus,116,Vendor
259,Danile,89,Salesperson
260,Milford,96,Manager
261,Annalee,131,Secratary
262,Jametta,18,Janitor
263,Leslye,77,Party person
264,Jamon,54,Party person
265,Kaiulani,83,Asistant
266,Akia,2,Manager
267,Michea,81,Party person
268,Naveen,90,Asistant
269,Latresa,35,Secratary
270,Damita,132,Vendor
271,Jamail,13,Secratary
272,Ashle,21,Salesperson
273,Kathryne,58,Secratary
274,Symone,58,Friend
275,Elsy,128,Janitor
276,Sherriann,7,Friend
277,Macarthur,87,Janitor
278,Donnamarie,85,Salesperson
279,Brucha,99,Party person
280,Lanita,74,Asistant
281,Micah,56,Party person
282,Rosey,125,Friend
283,Tymber,87,Vendor
284,Tashana,6,Party person
285,Dani,2,Friend
286,Ted,25,Friend
287,Cranston,98,Janitor
288,Tysha,45,Vendor
289,Blayne,0,Asistant
290,Lancer,58,Manager
291,Emerald,119,Secratary
292,Titiana,10,Secratary
293,Vivianna,108,Manager
294,Joslyn,27,Salesperson
295,Karlie,23,Director
296,Adil,47,Director
297,Mallarie,136,Salesperson
298,Siri,130,Janitor
299,Jessicca,13,Secratary
300,Aquino,77,Party person
301,Tishina,54,Friend
302,Sharicka,116,Secratary
303,Kenya,53,Secratary
304,Vernisha,134,Salesperson
305,Amelia,32,Salesperson
306,Dalila,142,Janitor
307,Terrick,85,Salesperson
308,Da,102,Director
309,Khoa,104,Director
310,Kenora,116,Party person
311,Jennie,107,Director
312,Zacharia,110,Director
313,Kyanne,1,Party person
314,Leeah,107,Salesperson
315,Nakieta,137,Secratary
316,Rosio,74,Manager
317,Lanny,36,Vendor
318,Eliazar,92,Director
319,Brendalee,133,Friend
320,Katryn,103,Secratary
321,Eriberto,139,Asistant
322,Jumaane,37,Vendor
323,Susana,137,Asistant
324,Kalynn,70,Director
325,Sahil,103,Director
326,Martinique,45,Vendor
327,Nathasha,43,Janitor
328,Blas,9,Salesperson
329,Lavanda,27,Salesperson
330,Shawon,6,Asistant
331,Corvette,85,Vendor
332,Aleasha,54,Secratary
333,Kourtnee,43,Secratary
334,Monchel,99,Party person
335,Gregg,138,Janitor
336,Brigett,67,Vendor
337,Brittony,108,Secratary
338,Yusef,91,Vendor
339,Jerson,92,Secratary
340,Leslee,51,Asistant
341,Judson,87,Salesperson
342,Stepehn,73,Director
343,Lucio,127,Party person
344,Dannica,30,Asistant
345,Nnamdi,69,Vendor
346,Vanette,99,Director
347,Eliu,21,Vendor
348,Leith,77,Salesperson
349,Artur,77,Director
350,Siarra,59,Party person
351,Aleena,128,Vendor
352,Oneill,130,Secratary
353,Triva,130,Vendor
354,Silena,121,Janitor
355,Dalal,45,Vendor
356,Grover,129,Asistant
357,Bethlehem,8,Director
358,Jonpaul,61,Vendor
359,Dadrian,63,Manager
360,Maxton,137,Salesperson
361,Agron,57,Asistant
362,Celine,33,Friend
363,Mateo,72,Director
364,Shanequa,31,Secratary
365,Rissa,45,Salesperson
366,Nickole,121,Salesperson
367,Luis,11,Friend
368,Elda,95,Salesperson
369,Leonel,28,Party person
370,Magen,21,Janitor
371,Raynor,91,Manager
372,Shina,61,Director
373,Taurean,32,Secratary
374,Arletta,132,Janitor
375,Raleigh,131,Salesperson
376,Liela,59,Manager
377,Tiaira,120,Manager
378,Henderson,31,Secratary
379,Aysha,138,Friend
380,Tarina,70,Salesperson
381,Zulay,50,Director
382,Magaly,35,Secratary
383,Mysti,68,Secratary
384,Christelle,56,Vendor
385,Raymund,66,Manager
386,Timisha,65,Secratary
387,Davide,35,Party person
388,Kawanda,98,Janitor
389,Saleem,34,Asistant
390,Spiro,85,Director
391,Connell,100,Janitor
392,Stepfanie,3,Secratary
393,Jillene,140,Vendor
394,Despina,92,Salesperson
395,Sarah,43,Secratary
396,Crystalynn,69,Salesperson
397,Luanne,42,Manager
398,Marshall,71,Salesperson
399,Maia,119,Director
400,Perlita,133,Salesperson
401,Norelle,125,Friend
402,Analissa,80,Salesperson
403,Aniesha,95,Janitor
404,Avery,135,Asistant
405,Krissi,133,Friend
406,Devaughn,30,Friend
407,Lyndy,71,Manager
408,Kiva,132,Director
409,Marilena,2,Vendor
410,Taneesha,51,Friend
411,So,3,Salesperson
412,Meshawn,7,Salesperson
413,Larisha,108,Secratary
414,Kearra,116,Friend
415,Necia,75,Vendor
416,Vada,137,Janitor
417,Chadae,71,Secratary
418,Burnell,135,Friend
419,Jay,95,Friend
420,Kanethia,5,Asistant
421,Sagar,93,Manager
422,Raneisha,87,Director
423,Doanld,43,Salesperson
424,Hasson,123,Party person
425,Margurite,66,Manager
426,Timika,138,Friend
427,Teneya,99,Director
428,Janis,99,Director
429,Phylis,106,Salesperson
430,Johnice,45,Vendor
431,Jauan,37,Salesperson
432,Mckay,62,Vendor
433,Selene,61,Janitor
434,Genevie,110,Vendor
435,Tarel,132,Party person
436,Tanja,84,Janitor
437,Benjmain,50,Asistant
438,Damien,109,Salesperson
439,Serina,36,Party person
440,Jewel,46,Friend
441,Joaquim,96,Asistant
442,Neema,32,Manager
443,Noora,130,Friend
444,Tifani,87,Manager
445,Duriel,17,Friend
446,Katiejo,37,Asistant
447,Pat,141,Director
448,Corey,128,Asistant
449,Hiba,79,Director
450,Denisa,100,Friend
451,Dejah,136,Asistant
452,Mat,83,Vendor
453,Fraser,69,Vendor
454,Zacharia,56,Director
455,Deloren,103,Director
456,Greer,72,Director
457,Carry,18,Party person
458,Lanita,30,Manager
459,Shareema,61,Secratary
460,Dandre,107,Asistant
461,Donzell,28,Vendor
462,Shabnam,54,Manager
463,Deaundra,2,Manager
464,Shavaughn,7,Secratary
465,Blake,54,Party person
466,Marcey,95,Vendor
467,Jonita,109,Friend
468,Erroll,88,Asistant
469,Merrill,139,Vendor
470,Dawnya,86,Party person
471,Timia,18,Secratary
472,Rakesh,57,Party person
473,Rashaud,136,Janitor
474,Jannae,70,Vendor
475,Faiza,41,Vendor
476,Nydia,13,Vendor
477,Anjulie,25,Salesperson
478,Shawntavia,51,Asistant
479,Wyatt,33,Asistant
480,Priscillia,31,Director
481,Jacobe,133,Friend
482,Wanisha,61,Manager
483,Rachelle,76,Friend
484,Yehudis,0,Secratary
485,Delaine,37,Director
486,Perlita,117,Manager
487,Rowan,66,Director
488,Dawnisha,38,Vendor
489,Celesta,103,Secratary
490,Terisa,100,Vendor
491,Kevan,39,Director
492,Aften,27,Janitor
493,Indira,117,Director
494,Deana,99,Janitor
495,Rakesha,23,Salesperson
496,Yechezkel,24,Director
497,Patton,70,Janitor
498,Stphanie,75,Secratary
499,Richael,94,Director
500,Nisha,28,Janitor
501,Heavenly,122,Friend
502,Allyse,62,Director
503,Courtnie,113,Salesperson
504,Luiz,29,Janitor
505,Mahmood,137,Secratary
506,Sherie,85,Vendor
507,Orval,116,Asistant
508,Glorimar,51,Salesperson
509,Corneilus,72,Janitor
510,Millie,14,Janitor
511,Yecheskel,3,Asistant
512,Kaleah,23,Janitor
513,Janeth,53,Vendor
514,Faige,53,Director
515,Yalonda,119,Secratary
516,Lubna,21,Janitor
517,Demonica,87,Manager
518,Laquida,63,Asistant
519,Zavier,40,Party person
520,Shay,57,Janitor
521,Kelcie,28,Party person
522,Chay,42,Friend
523,Cutter,80,Salesperson
524,Chadae,53,Director
525,Shermaine,7,Vendor
526,Jeannetta,135,Manager
527,Kelechi,134,Friend
528,Chamia,23,Friend
529,Teneya,136,Director
530,Shaquoia,48,Party person
531,Lawana,47,Manager
532,Gerred,8,Vendor
533,Helina,64,Salesperson
534,Angelino,129,Salesperson
535,Kristalyn,35,Vendor
536,Ambria,142,Asistant
537,Naimah,102,Director
538,Anabel,118,Friend
539,Indra,57,Janitor
540,Tessica,48,Janitor
541,Jamarl,70,Friend
542,Kingston,94,Director
543,Monico,76,Secratary
544,Joi,141,Asistant
545,Christiaan,42,Friend
546,Lillianna,91,Director
547,Karlisha,125,Director
548,Astin,100,Janitor
549,Kimberle,66,Salesperson
550,Valincia,74,Manager
551,Vander,36,Janitor
552,Chaim,67,Manager
553,Irene,25,Vendor
554,Keona,24,Friend
555,Orly,48,Director
556,Norbert,45,Friend
557,Mildred,2,Asistant
558,Lindey,75,Manager
559,Eugenia,98,Asistant
560,Rodolfo,60,Vendor
561,Chantell,70,Salesperson
562,Charese,34,Secratary
563,Rohini,139,Friend
564,Jahmai,50,Janitor
565,Maressa,135,Director
566,Chivon,49,Secratary
567,Andrews,138,Asistant
568,Neill,9,Asistant
569,Jermichael,111,Vendor
570,Jonny,36,Salesperson
571,Ashleen,77,Asistant
572,Tymeka,86,Vendor
573,Trevin,54,Party person
574,Anabell,48,Friend
575,Alysa,116,Manager
576,Tashia,98,Asistant
577,Hyatt,127,Friend
578,Etienne,46,Manager
579,Shavawn,18,Party person
580,Garland,67,Friend
581,Bradon,19,Manager
582,Qunicy,133,Salesperson
583,Stefon,92,Secratary
584,Esthela,138,Manager
585,Cara,117,Janitor
586,Willia,40,Salesperson
587,Katelin,62,Salesperson
588,Gentry,23,Party person
589,Ondrea,118,Friend
590,Telecia,142,Secratary
591,Aurelia,133,Salesperson
592,Mitch,79,Salesperson
593,Rajiv,139,Friend
594,Aylin,120,Director
595,Annett,86,Secratary
596,Candyse,9,Salesperson
597,Diedra,32,Janitor
598,Patrick,2,Salesperson
599,Jenalyn,34,Janitor
600,Garrison,98,Party person
601,Kendalyn,117,Director
602,Miriah,34,Friend
603,Leonna,137,Director
604,Beck,44,Friend
605,Vittorio,31,Asistant
606,Maja,133,Party person
607,Lamanda,123,Salesperson
608,Winston,34,Secratary
609,Genette,109,Manager
610,Cristle,10,Party person
611,Jeree,48,Party person
612,Jereme,53,Asistant
613,Kashara,32,Secratary
614,Brenee,80,Asistant
615,Liane,86,Asistant
616,Dylan,132,Secratary
617,Dequarius,27,Party person
618,Lauralee,27,Vendor
619,Jermanie,37,Salesperson
620,Shantana,89,Director
621,Alen,104,Janitor
622,Keesha,8,Janitor
623,Angelee,118,Janitor
624,Monico,93,Secratary
625,Earle,34,Manager
626,Bertin,51,Salesperson
627,Robin,111,Salesperson
628,Sahwn,7,Asistant
629,Taleah,97,Friend
630,Howell,83,Secratary
631,Ragan,83,Salesperson
632,Kailynn,121,Janitor
633,Kanesha,117,Vendor
634,Ashlyne,35,Janitor
635,Kendel,127,Friend
636,Klint,40,Director
637,Boone,66,Janitor
638,Kieron,88,Janitor
639,Jennfier,142,Vendor
640,Huma,126,Director
641,Jaysen,0,Secratary
642,Kimisha,22,Friend
643,Lawren,84,Director
644,Jawad,107,Secratary
645,Yaquelin,66,Director
646,Jermone,20,Manager
647,Deondrae,29,Salesperson
648,Lamont,123,Director
649,Eddrick,48,Party person
650,Shadee,134,Salesperson
651,Sia,24,Friend
652,Atisha,11,Vendor
653,Candi,82,Party person
654,Jamez,128,Director
655,Astra,26,Salesperson
656,Raphaela,81,Asistant
657,Tashawna,18,Salesperson
658,Jeromy,113,Party person
659,Anjela,77,Party person
660,Breeanna,44,Friend
661,Ronn,44,Manager
662,Twyla,22,Secratary
663,Geddy,48,Janitor
664,Stefany,9,Salesperson
665,Jospeh,20,Party person
666,Davy,139,Director
667,Jilian,125,Salesperson
668,Katherin,97,Director
669,Bernie,7,Friend
670,Criag,114,Janitor
671,Frank,103,Secratary
672,Tephanie,83,Janitor
673,Shetara,127,Janitor
674,Victorino,10,Friend
675,Gavino,61,Vendor
676,Lesha,65,Asistant
677,Stephanee,126,Janitor
678,Cassidee,58,Asistant
679,Casie,89,Salesperson
680,Jazmen,69,Secratary
681,Hersh,106,Vendor
682,Edin,137,Vendor
683,Lillie,85,Friend
684,Takita,102,Manager
685,Darold,105,Manager
686,Michala,121,Salesperson
687,Eve,137,Asistant
688,Tennia,91,Secratary
689,Mynor,21,Vendor
690,Daemon,66,Party person
691,Deandria,137,Manager
692,Canon,23,Vendor
693,Maigan,136,Director
694,Emmanual,80,Janitor
695,Laneka,9,Asistant
696,Karel,81,Manager
697,Reginald,26,Friend
698,Gretta,71,Friend
699,Georgie,137,Vendor
700,Karrisa,4,Party person
701,Shawnna,13,Janitor
702,Shanitra,73,Vendor
703,Jamaica,103,Director
704,Czarina,42,Secratary
705,Arley,99,Asistant
706,Howard,135,Asistant
707,Jamesha,96,Janitor
708,Necia,44,Director
709,Erasmo,49,Friend
710,Cliffton,69,Asistant
711,Renita,32,Vendor
712,Dominek,114,Manager
713,Chava,20,Janitor
714,Vannary,97,Salesperson
715,Kiela,104,Janitor
716,Colby,132,Janitor
717,Justin,70,Friend
718,Lord,133,Director
719,Johnjoseph,36,Friend
720,Clarrisa,101,Janitor
721,Ramar,3,Friend
722,Godofredo,141,Salesperson
723,Israel,20,Asistant
724,Rika,120,Salesperson
725,Meghen,115,Director
726,Zofia,142,Party person
727,Edna,21,Salesperson
728,Jasmen,125,Party person
729,Cuauhtemoc,137,Friend
730,Jerimie,130,Salesperson
731,Clayton,139,Asistant
732,Willian,105,Director
733,Peggie,105,Salesperson
734,Chauna,35,Janitor
735,Tobiah,78,Director
736,Tawnya,66,Vendor
737,Mistee,20,Asistant
738,Soo,19,Vendor
739,Vanity,68,Manager
740,Vonetta,135,Director
741,Cristinia,123,Janitor
742,Kyera,95,Director
743,Quenton,35,Director
744,Latarra,8,Manager
745,Tyasia,63,Secratary
746,Tashieka,86,Manager
747,Justn,73,Janitor
748,Marylynn,52,Salesperson
749,Bryon,93,Vendor
750,Donyelle,50,Vendor
751,Nissa,11,Director
752,Rebbecca,119,Vendor
753,Myka,67,Vendor
754,Lakeria,142,Party person
755,Olin,27,Director
756,Benita,97,Director
757,Lavada,86,Asistant
758,Naureen,86,Asistant
759,Toree,64,Friend
760,Leana,133,Friend
761,Alicia,78,Friend
762,Hamilton,119,Asistant
763,Khari,111,Vendor
764,Bree,113,Manager
765,Queenie,141,Asistant
766,Suzette,95,Director
767,Marquay,56,Salesperson
768,Tavoris,6,Vendor
769,Taffy,122,Asistant
770,Sissy,11,Asistant
771,Merced,99,Party person
772,Athina,125,Asistant
773,Malaika,102,Asistant
774,Lanessa,68,Friend
775,Yeng,13,Friend
776,Markise,138,Friend
777,Derrin,4,Director
778,Briseida,4,Friend
779,Tamia,67,Vendor
780,Chantz,19,Director
781,Amberrose,56,Party person
782,Ellsworth,32,Manager
783,Davit,48,Party person
784,Bayley,14,Salesperson
785,Emmauel,126,Director
786,Glenisha,73,Director
787,Pattrick,5,Director
788,Ceasare,122,Party person
789,Tanja,138,Vendor
790,Erez,107,Vendor
791,Duwan,21,Janitor
792,Vanya,69,Janitor
793,Karilee,22,Friend
794,Myriam,142,Salesperson
795,Anton,69,Friend
796,Asael,88,Party person
797,Laney,28,Janitor
798,Giuseppe,126,Asistant
799,Darrious,123,Party person
800,Susi,69,Friend
801,Odalys,76,Vendor
802,Jerimey,9,Asistant
803,Cartrell,108,Janitor
804,Cacey,140,Salesperson
805,Omer,6,Party person
806,Zac,7,Director
807,Delayna,116,Secratary
808,Symantha,70,Party person
809,Deontay,38,Vendor
810,Nery,78,Party person
811,Zandrea,10,Manager
812,Aleigha,60,Manager
813,Tawnia,104,Manager
814,Walker,19,Vendor
815,Sharifah,80,Janitor
816,Jannah,113,Salesperson
817,Jacqualine,124,Vendor
818,Chrsitopher,3,Vendor
819,Sophie,120,Director
820,Sanquetta,134,Friend
821,Tramain,42,Asistant
822,Rifka,94,Vendor
823,Jeanpaul,23,Friend
824,Allegra,103,Vendor
825,Dorie,142,Secratary
826,Evalyn,25,Salesperson
827,Bayley,31,Party person
828,Rashaan,29,Manager
829,Coree,113,Secratary
830,Gergory,58,Secratary
831,Janira,102,Asistant
832,Calixto,64,Friend
833,Seaira,33,Asistant
834,Tala,90,Asistant
835,Shafiq,48,Manager
836,Darya,2,Salesperson
837,Loren,81,Secratary
838,Marah,109,Director
839,Marlin,12,Manager
840,Keonta,14,Salesperson
841,Zackory,27,Vendor
842,Amenda,121,Vendor
843,Promise,51,Friend
844,Maryelizabeth,5,Director
845,Marcelino,102,Asistant
846,Nyesha,8,Secratary
847,Deyonna,32,Asistant
848,Simone,68,Salesperson
849,Rexford,112,Asistant
850,Takela,56,Salesperson
851,Garnet,113,Asistant
852,Pricsilla,124,Director
853,Jessic,125,Party person
854,Yesenia,112,Secratary
855,Leesha,102,Manager
856,Falan,14,Vendor
857,Santiago,68,Asistant
858,Keri,58,Secratary
859,Nikoleta,98,Friend
860,Kendle,19,Secratary
861,Sherea,70,Vendor
862,Nadeige,99,Manager
863,Archie,12,Asistant
864,Shantelle,122,Asistant
865,Honesty,110,Vendor
866,Desiderio,19,Vendor
867,Shalie,53,Janitor
868,Jackson,13,Vendor
869,Shaquila,121,Friend
870,Tionna,55,Janitor
871,Rumaldo,112,Vendor
872,Bridger,34,Director
873,Averill,116,Friend
874,Marcia,21,Manager
875,Dawnielle,130,Party person
876,Jaya,60,Director
877,Rebakah,82,Janitor
878,Shakeila,95,Manager
879,Kathrin,132,Party person
880,Courney,63,Salesperson
881,Oshua,20,Director
882,Ed,106,Asistant
883,Karisma,15,Party person
884,Jayla,100,Asistant
885,Chrysta,11,Manager
886,Forest,74,Janitor
887,Shalaina,1,Janitor
888,Tywana,48,Friend
889,Curits,142,Friend
890,Ambika,82,Vendor
891,Khalif,10,Salesperson
892,Anjel,61,Secratary
893,Zandria,98,Director
894,Danilo,90,Salesperson
895,Eleazar,111,Janitor
896,Ayse,54,Manager
897,Kaleah,26,Vendor
898,Carmelo,106,Friend
899,Kayln,19,Manager
900,Antar,64,Manager
901,Collette,7,Party person
902,Demitrius,23,Party person
903,Kieu,16,Party person
904,Sharilyn,120,Director
905,Jonatha,89,Director
906,Sheniqua,31,Manager
907,Cordney,40,Friend
908,Alonda,119,Vendor
909,Luna,115,Vendor
910,Aparna,80,Friend
911,Langdon,92,Asistant
912,Uniqua,71,Director
913,Olanrewaju,135,Manager
914,Camber,3,Manager
915,Tynetta,4,Vendor
916,Rafaela,120,Vendor
917,Ramar,47,Vendor
918,Leslieann,56,Asistant
919,Rakeem,12,Manager
920,Jedd,86,Friend
921,Mccall,15,Director
922,Vinita,47,Friend
923,Cammy,116,Salesperson
924,Sudeep,63,Friend
925,Shawnelle,108,Janitor
926,Lila,41,Asistant
927,Alichia,104,Party person
928,Bowen,59,Party person
929,Kosha,25,Asistant
930,Shaneta,98,Janitor
931,Natia,85,Party person
932,Jezreel,61,Director
933,Evelio,56,Party person
934,Lauraann,132,Janitor
935,Jerren,139,Asistant
936,Kortni,86,Manager
937,Kou,120,Salesperson
938,Menno,53,Friend
939,Khandi,82,Vendor
940,Jannett,139,Friend
941,Morgann,107,Friend
942,Payam,38,Party person
943,Denina,112,Salesperson
944,Gevin,123,Salesperson
945,Lisaann,132,Manager
946,Yehuda,140,Janitor
947,Charlyn,117,Salesperson
948,Joanie,118,Janitor
949,Diona,91,Janitor
950,Diego,127,Janitor
951,Shequita,59,Janitor
952,Markale,47,Director
953,Miki,13,Asistant
954,Vien,136,Friend
955,Carlette,63,Party person
956,Leteshia,16,Director
957,Kashawn,110,Manager
958,Lashannon,128,Secratary
959,Quintrell,6,Party person
960,Ryen,90,Salesperson
961,Raynell,31,Secratary
962,Kindall,138,Friend
963,Raisa,78,Director
964,Sequita,73,Secratary
965,Chancey,101,Vendor
966,Chikara,78,Salesperson
967,Albin,22,Janitor
968,Irais,65,Asistant
969,Mackenzi,9,Secratary
970,Marte,0,Janitor
971,Eureka,96,Party person
972,Shamaine,48,Asistant
973,Clavin,48,Party person
974,Jameeka,1,Director
975,Glendon,56,Asistant
976,Katisha,51,Vendor
977,Shenita,140,Party person
978,Genavieve,93,Janitor
979,Carrissa,76,Asistant
980,Zacharias,43,Salesperson
981,Cade,92,Salesperson
982,Malorie,25,Salesperson
983,Latorie,124,Director
984,Shaketa,64,Friend
985,Correen,1,Janitor
986,Jorje,135,Salesperson
987,Tamyra,97,Party person
988,Barclay,116,Party person
989,Kory,43,Director
990,Jamerson,129,Manager
991,Chirstina,66,Janitor
992,Cadie,20,Janitor
993,Keonia,97,Friend
994,Charta,96,Secratary
995,Cathrine,110,Manager
996,Syed,106,Friend
997,Bessie,124,Director
998,Keondra,72,Manager
999,Trevan,121,Secratary
1000,Dela,115,Vendor
